{
  "project_info": {
    "project_number": "273562070798",
    "project_id": "lighthouse-16a4e",
    "storage_bucket": "lighthouse-16a4e.appspot.com"
  },
  "client": [
    {
      "client_info": {
        "mobilesdk_app_id": "1:273562070798:android:6532551db09cde4b81b15f",
        "android_client_info": {
          "package_name": "com.istech.lighthouse"
        }
      },
      "oauth_client": [
        {
          "client_id": "273562070798-tqohtbjldjk20kaun1skj7lnth1d03aj.apps.googleusercontent.com",
          "client_type": 3
        }
      ],
      "api_key": [
        {
          "current_key": "AIzaSyBuRk7h2ylZr1sPNMhhdAKvGjaKH3Yl9Yo"
        }
      ],
      "services": {
        "appinvite_service": {
          "other_platform_oauth_client": [
            {
              "client_id": "273562070798-tqohtbjldjk20kaun1skj7lnth1d03aj.apps.googleusercontent.com",
              "client_type": 3
            }
          ]
        }
      }
    }
  ],
  "configuration_version": "1"
}